format,input_dtype,output_dtype,mode,round,distribution,max_abs,mae,mse,payload_ratio,file_ratio
0,0,0,0,0,uniform,0.0312486886978,0.0104884350267,0.000188317408751,3.86567164179,3.86009161014
0,0,0,0,0,normal,0.209384918213,0.0179448645904,0.000703664099291,3.86567164179,3.86009161014
0,0,0,0,0,outliers,14.1752929688,0.0348602358058,0.0626524289921,3.86567164179,3.86009161014
0,0,0,0,1,uniform,0.0624195337296,0.0140471065426,0.000379275295509,3.86567164179,3.86009161014
0,0,0,0,1,normal,0.290615081787,0.0240158301075,0.00142303722402,3.86567164179,3.86009161014
0,0,0,0,1,outliers,15.1831512451,0.046677273901,0.128710383528,3.86567164179,3.86009161014
0,0,0,1,0,uniform,0.0312486886978,0.0104884350267,0.000188317408751,3.99993990746,3.99394084828
0,0,0,1,0,normal,0.209384918213,0.0179448650183,0.000703664099297,3.99993990746,3.99394084828
0,0,0,1,0,outliers,14.1752929688,0.0348644839673,0.0626524326062,3.99993990746,3.99394084828
0,0,0,1,1,uniform,0.0624195337296,0.0140471065426,0.000379275295509,3.99993990746,3.99394084828
0,0,0,1,1,normal,0.290615081787,0.024015830566,0.00142303722403,3.99993990746,3.99394084828
0,0,0,1,1,outliers,15.1831512451,0.0466828327,0.128710390526,3.99993990746,3.99394084828
0,0,1,0,0,uniform,0.0312486886978,0.0104884350267,0.000188317408751,3.86567164179,3.86009161014
0,0,1,0,0,normal,0.209384918213,0.0179448645904,0.000703664099291,3.86567164179,3.86009161014
0,0,1,0,0,outliers,14.1752929688,0.0348602358058,0.0626524289921,3.86567164179,3.86009161014
0,0,1,0,1,uniform,0.0624195337296,0.0140471065426,0.000379275295509,3.86567164179,3.86009161014
0,0,1,0,1,normal,0.290615081787,0.0240158301075,0.00142303722402,3.86567164179,3.86009161014
0,0,1,0,1,outliers,15.1831512451,0.046677273901,0.128710383528,3.86567164179,3.86009161014
0,0,1,1,0,uniform,0.0312486886978,0.0104884350267,0.000188317408751,3.99993990746,3.99394084828
0,0,1,1,0,normal,0.209384918213,0.0179448650183,0.000703664099297,3.99993990746,3.99394084828
0,0,1,1,0,outliers,14.1752929688,0.0348644839673,0.0626524326062,3.99993990746,3.99394084828
0,0,1,1,1,uniform,0.0624195337296,0.0140471065426,0.000379275295509,3.99993990746,3.99394084828
0,0,1,1,1,normal,0.290615081787,0.024015830566,0.00142303722403,3.99993990746,3.99394084828
0,0,1,1,1,outliers,15.1831512451,0.0466828327,0.128710390526,3.99993990746,3.99394084828
0,0,2,0,0,uniform,0.0312486886978,0.0104884350267,0.000188317408751,3.86567164179,3.86009161014
0,0,2,0,0,normal,0.209384918213,0.0179448645904,0.000703664099291,3.86567164179,3.86009161014
0,0,2,0,0,outliers,14.1752929688,0.0348602358058,0.0626524289921,3.86567164179,3.86009161014
0,0,2,0,1,uniform,0.0624195337296,0.0140471065426,0.000379275295509,3.86567164179,3.86009161014
0,0,2,0,1,normal,0.290615081787,0.0240158301075,0.00142303722402,3.86567164179,3.86009161014
0,0,2,0,1,outliers,15.1831512451,0.046677273901,0.128710383528,3.86567164179,3.86009161014
0,0,2,1,0,uniform,0.0312486886978,0.0104884350267,0.000188317408751,3.99993990746,3.99394084828
0,0,2,1,0,normal,0.209384918213,0.0179448650183,0.000703664099297,3.99993990746,3.99394084828
0,0,2,1,0,outliers,14.1752929688,0.0348644839673,0.0626524326062,3.99993990746,3.99394084828
0,0,2,1,1,uniform,0.0624195337296,0.0140471065426,0.000379275295509,3.99993990746,3.99394084828
0,0,2,1,1,normal,0.290615081787,0.024015830566,0.00142303722403,3.99993990746,3.99394084828
0,0,2,1,1,outliers,15.1831512451,0.0466828327,0.128710390526,3.99993990746,3.99394084828
0,1,0,0,0,uniform,0.03125,0.0104889629294,0.000188360429158,1.9328358209,1.93039369166
0,1,0,0,0,normal,0.2109375,0.0179455461545,0.000703797329023,1.9328358209,1.93039369166
0,1,0,0,0,outliers,14.25,0.0348546550016,0.0626971338026,1.9328358209,1.93039369166
0,1,0,0,1,uniform,0.06201171875,0.0140474777143,0.000379284918013,1.9328358209,1.93039369166
0,1,0,0,1,normal,0.2890625,0.0240199796648,0.00142419405672,1.9328358209,1.93039369166
0,1,0,0,1,outliers,15.125,0.0466738204003,0.128737687704,1.9328358209,1.93039369166
0,1,0,1,0,uniform,0.03125,0.0104889629294,0.000188360429158,1.99996995373,1.99733037375
0,1,0,1,0,normal,0.2109375,0.0179455465808,0.000703797329029,1.99996995373,1.99733037375
0,1,0,1,0,outliers,14.25,0.0348589027372,0.062697137416,1.99996995373,1.99733037375
0,1,0,1,1,uniform,0.06201171875,0.0140474777143,0.000379284918013,1.99996995373,1.99733037375
0,1,0,1,1,normal,0.2890625,0.0240199801233,0.00142419405673,1.99996995373,1.99733037375
0,1,0,1,1,outliers,15.125,0.0466793782525,0.128737694701,1.99996995373,1.99733037375
0,1,1,0,0,uniform,0.03125,0.0104889629294,0.000188360429158,1.9328358209,1.93039369166
0,1,1,0,0,normal,0.2109375,0.0179455461545,0.000703797329023,1.9328358209,1.93039369166
0,1,1,0,0,outliers,14.25,0.0348546550016,0.0626971338026,1.9328358209,1.93039369166
0,1,1,0,1,uniform,0.06201171875,0.0140474777143,0.000379284918013,1.9328358209,1.93039369166
0,1,1,0,1,normal,0.2890625,0.0240199796648,0.00142419405672,1.9328358209,1.93039369166
0,1,1,0,1,outliers,15.125,0.0466738204003,0.128737687704,1.9328358209,1.93039369166
0,1,1,1,0,uniform,0.03125,0.0104889629294,0.000188360429158,1.99996995373,1.99733037375
0,1,1,1,0,normal,0.2109375,0.0179455465808,0.000703797329029,1.99996995373,1.99733037375
0,1,1,1,0,outliers,14.25,0.0348589027372,0.062697137416,1.99996995373,1.99733037375
0,1,1,1,1,uniform,0.06201171875,0.0140474777143,0.000379284918013,1.99996995373,1.99733037375
0,1,1,1,1,normal,0.2890625,0.0240199801233,0.00142419405673,1.99996995373,1.99733037375
0,1,1,1,1,outliers,15.125,0.0466793782525,0.128737694701,1.99996995373,1.99733037375
0,1,2,0,0,uniform,0.03125,0.0104889629294,0.000188360429158,1.9328358209,1.93039369166
0,1,2,0,0,normal,0.2109375,0.0179455461545,0.000703797329023,1.9328358209,1.93039369166
0,1,2,0,0,outliers,14.25,0.0348546550016,0.0626971338026,1.9328358209,1.93039369166
0,1,2,0,1,uniform,0.06201171875,0.0140474777143,0.000379284918013,1.9328358209,1.93039369166
0,1,2,0,1,normal,0.2890625,0.0240199796648,0.00142419405672,1.9328358209,1.93039369166
0,1,2,0,1,outliers,15.125,0.0466738204003,0.128737687704,1.9328358209,1.93039369166
0,1,2,1,0,uniform,0.03125,0.0104889629294,0.000188360429158,1.99996995373,1.99733037375
0,1,2,1,0,normal,0.2109375,0.0179455465808,0.000703797329029,1.99996995373,1.99733037375
0,1,2,1,0,outliers,14.25,0.0348589027372,0.062697137416,1.99996995373,1.99733037375
0,1,2,1,1,uniform,0.06201171875,0.0140474777143,0.000379284918013,1.99996995373,1.99733037375
0,1,2,1,1,normal,0.2890625,0.0240199801233,0.00142419405673,1.99996995373,1.99733037375
0,1,2,1,1,outliers,15.125,0.0466793782525,0.128737694701,1.99996995373,1.99733037375
1,0,0,0,0,uniform,0.0624995231628,0.0208574278551,0.000744207366505,3.86567164179,3.86009161014
1,0,0,0,0,normal,0.249968290329,0.0358478071186,0.00279599204556,3.86567164179,3.86009161014
1,0,0,0,0,outliers,17.8247070312,0.0691940492003,0.237825957803,3.86567164179,3.86009161014
1,0,0,0,1,uniform,0.123611390591,0.0278709029336,0.00149759422166,3.86567164179,3.86009161014
1,0,0,0,1,normal,0.4967212677,0.0477915948161,0.00560063866679,3.86567164179,3.86009161014
1,0,0,0,1,outliers,46.1752929688,0.093191035197,0.524410181958,3.86567164179,3.86009161014
1,0,0,1,0,uniform,0.0624995231628,0.0208574278551,0.000744207366505,3.99993990746,3.99394084828
1,0,0,1,0,normal,0.249968290329,0.0358478071186,0.00279599204556,3.99993990746,3.99394084828
1,0,0,1,0,outliers,17.8247070312,0.0691940492003,0.237825957803,3.99993990746,3.99394084828
1,0,0,1,1,uniform,0.123611390591,0.0278709029336,0.00149759422166,3.99993990746,3.99394084828
1,0,0,1,1,normal,0.4967212677,0.0477915948161,0.00560063866679,3.99993990746,3.99394084828
1,0,0,1,1,outliers,46.1752929688,0.093191035197,0.524410181958,3.99993990746,3.99394084828
1,0,1,0,0,uniform,0.0624995231628,0.0208574278551,0.000744207366505,3.86567164179,3.86009161014
1,0,1,0,0,normal,0.249968290329,0.0358478071186,0.00279599204556,3.86567164179,3.86009161014
1,0,1,0,0,outliers,17.8247070312,0.0691940492003,0.237825957803,3.86567164179,3.86009161014
1,0,1,0,1,uniform,0.123611390591,0.0278709029336,0.00149759422166,3.86567164179,3.86009161014
1,0,1,0,1,normal,0.4967212677,0.0477915948161,0.00560063866679,3.86567164179,3.86009161014
1,0,1,0,1,outliers,46.1752929688,0.093191035197,0.524410181958,3.86567164179,3.86009161014
1,0,1,1,0,uniform,0.0624995231628,0.0208574278551,0.000744207366505,3.99993990746,3.99394084828
1,0,1,1,0,normal,0.249968290329,0.0358478071186,0.00279599204556,3.99993990746,3.99394084828
1,0,1,1,0,outliers,17.8247070312,0.0691940492003,0.237825957803,3.99993990746,3.99394084828
1,0,1,1,1,uniform,0.123611390591,0.0278709029336,0.00149759422166,3.99993990746,3.99394084828
1,0,1,1,1,normal,0.4967212677,0.0477915948161,0.00560063866679,3.99993990746,3.99394084828
1,0,1,1,1,outliers,46.1752929688,0.093191035197,0.524410181958,3.99993990746,3.99394084828
1,0,2,0,0,uniform,0.0624995231628,0.0208574278551,0.000744207366505,3.86567164179,3.86009161014
1,0,2,0,0,normal,0.249968290329,0.0358478071186,0.00279599204556,3.86567164179,3.86009161014
1,0,2,0,0,outliers,17.8247070312,0.0691940492003,0.237825957803,3.86567164179,3.86009161014
1,0,2,0,1,uniform,0.123611390591,0.0278709029336,0.00149759422166,3.86567164179,3.86009161014
1,0,2,0,1,normal,0.4967212677,0.0477915948161,0.00560063866679,3.86567164179,3.86009161014
1,0,2,0,1,outliers,46.1752929688,0.093191035197,0.524410181958,3.86567164179,3.86009161014
1,0,2,1,0,uniform,0.0624995231628,0.0208574278551,0.000744207366505,3.99993990746,3.99394084828
1,0,2,1,0,normal,0.249968290329,0.0358478071186,0.00279599204556,3.99993990746,3.99394084828
1,0,2,1,0,outliers,17.8247070312,0.0691940492003,0.237825957803,3.99993990746,3.99394084828
1,0,2,1,1,uniform,0.123611390591,0.0278709029336,0.00149759422166,3.99993990746,3.99394084828
1,0,2,1,1,normal,0.4967212677,0.0477915948161,0.00560063866679,3.99993990746,3.99394084828
1,0,2,1,1,outliers,46.1752929688,0.093191035197,0.524410181958,3.99993990746,3.99394084828
1,1,0,0,0,uniform,0.0625,0.0208577573592,0.000744234718084,1.9328358209,1.93039369166
1,1,0,0,0,normal,0.25,0.0358470688556,0.00279582844779,1.9328358209,1.93039369166
1,1,0,0,0,outliers,17.75,0.0691900060951,0.237843371916,1.9328358209,1.93039369166
1,1,0,0,1,uniform,0.12353515625,0.0278623988794,0.00149661434359,1.9328358209,1.93039369166
1,1,0,0,1,normal,0.49609375,0.0477865026839,0.00559698145578,1.9328358209,1.93039369166
1,1,0,0,1,outliers,46.25,0.0931841239257,0.524471367528,1.9328358209,1.93039369166
1,1,0,1,0,uniform,0.0625,0.0208577573592,0.000744234718084,1.99996995373,1.99733037375
1,1,0,1,0,normal,0.25,0.0358470688556,0.00279582844779,1.99996995373,1.99733037375
1,1,0,1,0,outliers,17.75,0.0691900060951,0.237843371916,1.99996995373,1.99733037375
1,1,0,1,1,uniform,0.12353515625,0.0278623988794,0.00149661434359,1.99996995373,1.99733037375
1,1,0,1,1,normal,0.49609375,0.0477865026839,0.00559698145578,1.99996995373,1.99733037375
1,1,0,1,1,outliers,46.25,0.0931841239257,0.524471367528,1.99996995373,1.99733037375
1,1,1,0,0,uniform,0.0625,0.0208577573592,0.000744234718084,1.9328358209,1.93039369166
1,1,1,0,0,normal,0.25,0.0358470688556,0.00279582844779,1.9328358209,1.93039369166
1,1,1,0,0,outliers,17.75,0.0691900060951,0.237843371916,1.9328358209,1.93039369166
1,1,1,0,1,uniform,0.12353515625,0.0278623988794,0.00149661434359,1.9328358209,1.93039369166
1,1,1,0,1,normal,0.49609375,0.0477865026839,0.00559698145578,1.9328358209,1.93039369166
1,1,1,0,1,outliers,46.25,0.0931841239257,0.524471367528,1.9328358209,1.93039369166
1,1,1,1,0,uniform,0.0625,0.0208577573592,0.000744234718084,1.99996995373,1.99733037375
1,1,1,1,0,normal,0.25,0.0358470688556,0.00279582844779,1.99996995373,1.99733037375
1,1,1,1,0,outliers,17.75,0.0691900060951,0.237843371916,1.99996995373,1.99733037375
1,1,1,1,1,uniform,0.12353515625,0.0278623988794,0.00149661434359,1.99996995373,1.99733037375
1,1,1,1,1,normal,0.49609375,0.0477865026839,0.00559698145578,1.99996995373,1.99733037375
1,1,1,1,1,outliers,46.25,0.0931841239257,0.524471367528,1.99996995373,1.99733037375
1,1,2,0,0,uniform,0.0625,0.0208577573592,0.000744234718084,1.9328358209,1.93039369166
1,1,2,0,0,normal,0.25,0.0358470688556,0.00279582844779,1.9328358209,1.93039369166
1,1,2,0,0,outliers,17.75,0.0691900060951,0.237843371916,1.9328358209,1.93039369166
1,1,2,0,1,uniform,0.12353515625,0.0278623988794,0.00149661434359,1.9328358209,1.93039369166
1,1,2,0,1,normal,0.49609375,0.0477865026839,0.00559698145578,1.9328358209,1.93039369166
1,1,2,0,1,outliers,46.25,0.0931841239257,0.524471367528,1.9328358209,1.93039369166
1,1,2,1,0,uniform,0.0625,0.0208577573592,0.000744234718084,1.99996995373,1.99733037375
1,1,2,1,0,normal,0.25,0.0358470688556,0.00279582844779,1.99996995373,1.99733037375
1,1,2,1,0,outliers,17.75,0.0691900060951,0.237843371916,1.99996995373,1.99733037375
1,1,2,1,1,uniform,0.12353515625,0.0278623988794,0.00149661434359,1.99996995373,1.99733037375
1,1,2,1,1,normal,0.49609375,0.0477865026839,0.00559698145578,1.99996995373,1.99733037375
1,1,2,1,1,outliers,46.25,0.0931841239257,0.524471367528,1.99996995373,1.99733037375
2,0,0,0,0,uniform,0.166642844677,0.0441897571037,0.00344966524719,7.07082724738,7.05187617509
2,0,0,0,0,normal,0.539123058319,0.0708650251607,0.008926650239,7.07082724738,7.05187617509
2,0,0,0,0,outliers,9.68211364746,0.175785743891,0.176425827185,7.07082724738,7.05187617509
2,0,0,0,1,uniform,0.327931404114,0.0588126814694,0.00693814428205,7.07082724738,7.05187617509
2,0,0,0,1,normal,1.1547832489,0.0950479884943,0.0188082787992,7.07082724738,7.05187617509
2,0,0,0,1,outliers,38.7295150757,0.262191592285,0.831486228977,7.07082724738,7.05187617509
2,0,0,1,0,uniform,0.166643381119,0.0486889108282,0.00407507916523,7.99867816265,7.97424764186
2,0,0,1,0,normal,0.701524496078,0.10157347026,0.0152621855361,7.99867816265,7.97424764186
2,0,0,1,0,outliers,45.4719390869,0.870697248854,2.08623653623,7.99867816265,7.97424764186
2,0,0,1,1,uniform,0.329273164272,0.0646175273673,0.00804372638048,7.99867816265,7.97424764186
2,0,0,1,1,normal,1.37644839287,0.135668064583,0.0308211193602,7.99867816265,7.97424764186
2,0,0,1,1,outliers,85.6169281006,1.60393200987,19.4597669277,7.99867816265,7.97424764186
2,0,1,0,0,uniform,0.166738152504,0.0441980686535,0.003451503838,7.07082724738,7.05187617509
2,0,1,0,0,normal,0.538235902786,0.0708625374534,0.00892685552429,7.07082724738,7.05187617509
2,0,1,0,0,outliers,9.66632080078,0.175801188902,0.176467147189,7.07082724738,7.05187617509
2,0,1,0,1,uniform,0.32809305191,0.0588209762402,0.00694065619268,7.07082724738,7.05187617509
2,0,1,0,1,normal,1.15512418747,0.0950448221726,0.018808460345,7.07082724738,7.05187617509
2,0,1,0,1,outliers,38.7347793579,0.262201181504,0.831446872634,7.07082724738,7.05187617509
2,0,1,1,0,uniform,0.166805028915,0.0487058841781,0.00407889880988,7.99867816265,7.97424764186
2,0,1,1,0,normal,0.701140642166,0.101595408716,0.0152701548726,7.99867816265,7.97424764186
2,0,1,1,0,outliers,45.3972320557,0.870683687116,2.08571758295,7.99867816265,7.97424764186
2,0,1,1,1,uniform,0.329274773598,0.0646342879473,0.00804874186698,7.99867816265,7.97424764186
2,0,1,1,1,normal,1.37800097466,0.13570334961,0.0308440741834,7.99867816265,7.97424764186
2,0,1,1,1,outliers,85.5422210693,1.60367686214,19.4482585715,7.99867816265,7.97424764186
2,0,2,0,0,uniform,0.166644454002,0.0442545773168,0.00346173020426,7.07082724738,7.05187617509
2,0,2,0,0,normal,0.538235902786,0.0708481355877,0.00892507263189,7.07082724738,7.05187617509
2,0,2,0,0,outliers,9.55883789062,0.175953140467,0.17784379894,7.07082724738,7.05187617509
2,0,2,0,1,uniform,0.327623069286,0.0588779841738,0.00695340525465,7.07082724738,7.05187617509
2,0,2,0,1,normal,1.15121793747,0.0950289316478,0.0188050654276,7.07082724738,7.05187617509
2,0,2,0,1,outliers,38.4847793579,0.262381164329,0.832986137846,7.07082724738,7.05187617509
2,0,2,1,0,uniform,0.166644454002,0.0485571536607,0.00404524628279,7.99867816265,7.97424764186
2,0,2,1,0,normal,0.699773788452,0.101709312974,0.0152964518916,7.99867816265,7.97424764186
2,0,2,1,0,outliers,45.6472320557,0.870683721616,2.08392462097,7.99867816265,7.97424764186
2,0,2,1,1,uniform,0.329274773598,0.0644875050384,0.00800438840431,7.99867816265,7.97424764186
2,0,2,1,1,normal,1.38581347466,0.135918830277,0.030968902326,7.99867816265,7.97424764186
2,0,2,1,1,outliers,85.7922210693,1.60601021244,19.5481140936,7.99867816265,7.97424764186
2,1,0,0,0,uniform,0.16650390625,0.0442016952641,0.00345046057578,3.53541362369,3.52657363027
2,1,0,0,0,normal,0.5390625,0.0708364739482,0.00892120811893,3.53541362369,3.52657363027
2,1,0,0,0,outliers,9.5714263916,0.175777537437,0.176302510949,3.53541362369,3.52657363027
2,1,0,0,1,uniform,0.327962219715,0.0588401670699,0.0069434383448,3.53541362369,3.52657363027
2,1,0,0,1,normal,1.15299487114,0.0950190396095,0.0188060694716,3.53541362369,3.52657363027
2,1,0,0,1,outliers,38.7678604126,0.262189461993,0.831299718371,3.53541362369,3.52657363027
2,1,0,1,0,uniform,0.16650390625,0.0486894504338,0.00407515853416,3.99933908132,3.98784249139
2,1,0,1,0,normal,0.700520992279,0.101593125788,0.015266648133,3.99933908132,3.98784249139
2,1,0,1,0,outliers,45.375,0.870682428548,2.08553945529,3.99933908132,3.98784249139
2,1,0,1,1,uniform,0.3291015625,0.064634408559,0.0080498846298,3.99933908132,3.98784249139
2,1,0,1,1,normal,1.37890625,0.135665741699,0.0307995746153,3.99933908132,3.98784249139
2,1,0,1,1,outliers,85.5,1.60366611894,19.4474457368,3.99933908132,3.98784249139
2,1,1,0,0,uniform,0.16650390625,0.0442098206705,0.00345229134704,3.53541362369,3.52657363027
2,1,1,0,0,normal,0.5390625,0.0708354392175,0.00892055918001,3.53541362369,3.52657363027
2,1,1,0,0,outliers,9.625,0.175777839767,0.176378974307,3.53541362369,3.52657363027
2,1,1,0,1,uniform,0.328125,0.0588482854447,0.00694594130146,3.53541362369,3.52657363027
2,1,1,0,1,normal,1.15234375,0.0950184725204,0.0188053569075,3.53541362369,3.52657363027
2,1,1,0,1,outliers,38.75,0.262190878376,0.831379817755,3.53541362369,3.52657363027
2,1,1,1,0,uniform,0.16650390625,0.0487061773963,0.00407895630388,3.99933908132,3.98784249139
2,1,1,1,0,normal,0.701171875,0.101593937399,0.0152696530412,3.99933908132,3.98784249139
2,1,1,1,0,outliers,45.375,0.870682428548,2.08553945529,3.99933908132,3.98784249139
2,1,1,1,1,uniform,0.3291015625,0.0646509172599,0.00805487386114,3.99933908132,3.98784249139
2,1,1,1,1,normal,1.37890625,0.13566098204,0.0307988424533,3.99933908132,3.98784249139
2,1,1,1,1,outliers,85.5,1.60366611894,19.4474457368,3.99933908132,3.98784249139
2,1,2,0,0,uniform,0.16650390625,0.0442660188986,0.00346236129153,3.53541362369,3.52657363027
2,1,2,0,0,normal,0.5390625,0.070805377709,0.00891634995542,3.53541362369,3.52657363027
2,1,2,0,0,outliers,9.5,0.176024932179,0.177758930755,3.53541362369,3.52657363027
2,1,2,0,1,uniform,0.32763671875,0.0589049063883,0.00695850902381,3.53541362369,3.52657363027
2,1,2,0,1,normal,1.150390625,0.0949763668315,0.0187910838069,3.53541362369,3.52657363027
2,1,2,0,1,outliers,39,0.262348958473,0.832184889222,3.53541362369,3.52657363027
2,1,2,1,0,uniform,0.16650390625,0.0485576025513,0.00404533276017,3.99933908132,3.98784249139
2,1,2,1,0,normal,0.69921875,0.10170662728,0.0152953024628,3.99933908132,3.98784249139
2,1,2,1,0,outliers,45.625,0.870854258244,2.09536323713,3.99933908132,3.98784249139
2,1,2,1,1,uniform,0.3291015625,0.0645043065287,0.00801052559458,3.99933908132,3.98784249139
2,1,2,1,1,normal,1.38671875,0.135873150341,0.0309216208958,3.99933908132,3.98784249139
2,1,2,1,1,outliers,85.75,1.60159665092,19.3647149619,3.99933908132,3.98784249139
