case,variant,format,n,input_dtype,n_mean,n_std,input_dtype_mean,input_dtype_std,format_mean,format_std,mode_mean,mode_std,round_mean,round_std,out_mean,out_std,scale_ms_mean,scale_ms_std,encode_ms_mean,encode_ms_std,quant_ms_mean,quant_ms_std,dequant_ms_mean,dequant_ms_std,h2d_ms_mean,h2d_ms_std,d2h_ms_mean,d2h_ms_std,process_ms_mean,process_ms_std,cpu_quant_ms_mean,cpu_quant_ms_std,cpu_dequant_ms_mean,cpu_dequant_ms_std,e2e_ms_mean,e2e_ms_std,cpu_e2e_ms_mean,cpu_e2e_ms_std,max_abs_mean,max_abs_std,mae_mean,mae_std,mse_mean,mse_std,payload_ratio_mean,payload_ratio_std,file_ratio_mean,file_ratio_std,dequant_GBs_mean,dequant_GBs_std,kernel_speedup_mean,kernel_speedup_std,process_speedup_mean,process_speedup_std,e2e_speedup
2048x2048_fp16_normal_e4m3_baseline,baseline,0,4194304,1,4194304.0,0.0,1.0,0.0,0.0,0.0,0.0,0.0,0.0,0.0,1.0,0.0,0.9211520075798,0.003144559163236879,4.1964992523180005,0.3253604652425763,5.11765127182,0.32600964957195927,0.5740544080734,0.001996132691200925,0.6153599858284,0.006986081731589158,0.9126528024672,0.01701185094354618,10.6735458,0.3298765601102935,375.0811874,1.4178569805859431,44.8180782,0.11846409598144064,40.5809516,0.5352006316983396,447.4277626,0.8431465135780392,0.25,0.0,0.0179676673435,0.0,0.000705466963413,0.0,1.93939393939,0.0,1.93935481962,0.0,22.147911955399998,0.07670319557531026,73.96797715796001,4.264281547213465,39.36959518524,1.1970005319633734,11.025561130508335
2048x2048_fp16_normal_e4m3_optimized,optimized,0,4194304,1,4194304.0,0.0,1.0,0.0,0.0,0.0,0.0,0.0,0.0,0.0,1.0,0.0,0.9256832003594,0.003895706372887659,0.9267072081566,0.0007246272695748035,1.852390384676,0.004077566953255907,0.12906880378740002,0.002266763782205161,0.6196031928064,0.009717491732271643,0.927052795887,0.018362424713486286,6.9881306,0.03902290050470367,373.9291496,0.6954197007763033,44.9166204,0.15722886532472252,37.194505,1.1093652348156133,446.7569138,0.6009637619771345,0.25,0.0,0.0179676673435,0.0,0.000705466963413,0.0,1.93939393939,0.0,1.93935481962,0.0,98.5292314592,1.6907621313810663,211.38279347280002,0.49966257272085074,59.93840881504,0.38810081353143805,12.011368716965046
2048x2048_fp16_normal_e5m2_baseline,baseline,1,4194304,1,4194304.0,0.0,1.0,0.0,1.0,0.0,0.0,0.0,0.0,0.0,1.0,0.0,0.9204991936682,0.0014708690776402927,4.163379192352,0.12949334534158646,5.083878421784,0.12864245384614523,0.5693439841272,0.0022897510440290174,0.6141248106956,0.020348864533575397,0.9384127974508,0.02780612352043903,10.7017586,0.13039922630253553,427.623581,3.7247553029689127,45.4330702,0.15582271165237704,43.518161,7.436513404544127,501.032327,4.2881141684913295,0.49609375,0.0,0.0358417270102,0.0,0.00279605114536,0.0,1.93939393939,0.0,1.93935481962,0.0,22.33122327818,0.08932828769514496,83.71705636324,2.1423049478846297,44.210472490280004,0.763990515244647,11.513177843153805
2048x2048_fp16_normal_e5m2_optimized,optimized,1,4194304,1,4194304.0,0.0,1.0,0.0,1.0,0.0,0.0,0.0,0.0,0.0,1.0,0.0,0.9256383895872,0.002527843315510277,0.9269632101058,0.0004443054344579784,1.852601599692,0.002719314121774586,0.13001600205900002,0.0023480210651827165,0.6291519999504,0.01804311590559299,0.9270783901214,0.026666377796764253,7.0452638,0.05238440050434865,426.8896724,0.4621471486916122,45.5973724,0.3084709692066672,37.6173436,0.7586252696485281,500.59291460000003,1.2331353988308789,0.49609375,0.0,0.0358417270102,0.0,0.00279605114536,0.0,1.93939393939,0.0,1.93935481962,0.0,97.81321379970001,1.7563069861959493,238.3149453254,0.25452974131460865,67.06712632632,0.44810807879984377,13.3075030476102
2048x2048_fp16_normal_nvfp4_baseline,baseline,2,4194304,1,4194304.0,0.0,1.0,0.0,2.0,0.0,0.0,0.0,0.0,0.0,1.0,0.0,3.9665664672839998,0.21652960202945945,2.8442303657559997,0.0005356606369376828,6.81079673767,0.2165434793184008,0.7585791945457999,0.0024447851074391167,0.607987201214,0.01774430993162952,0.8304256081584,0.05141677630166341,11.9680024,0.2020444807110557,280.2094626,0.5011823543684314,68.5784232,0.3630584809210486,39.0632322,0.9549811326040439,375.5241978,0.8158412089565605,0.646484375,0.0,0.0715041533434,0.0,0.00906299614809,0.0,3.5555495274,0.0,3.55540711907,0.0,14.16858916702,0.045483661273166394,46.1091946506,1.3245415651756747,29.14979516512,0.47990669758356536,9.613239270046886
2048x2048_fp16_normal_nvfp4_optimized,optimized,2,4194304,1,4194304.0,0.0,1.0,0.0,2.0,0.0,0.0,0.0,0.0,0.0,1.0,0.0,2.11921916008,0.003263267995616697,0.9234752178182,0.15179220624757456,3.042694425584,0.15386038242773004,0.290169596672,0.002132318136903478,0.6067775964736,0.012441201652338795,0.7896064043044,0.01250564093550666,7.6753788,0.15669318968991588,280.0331208,0.515334230992076,68.351534,0.3077670109149169,38.9233532,4.055865396165249,378.3760018,2.7452449262822918,0.646484375,0.0,0.0715041533434,0.0,0.00906299614809,0.0,3.5555495274,0.0,3.55540711907,0.0,37.041676588,0.2698696253033976,104.69332980212,4.447580012171144,45.40391041446,0.8623011961412813,9.721053575620509
2048x2048_fp32_normal_e4m3_baseline,baseline,0,4194304,0,4194304.0,0.0,0.0,0.0,0.0,0.0,0.0,0.0,0.0,0.0,1.0,0.0,0.6035583972928,0.004049578521384267,3.54570245743,0.0005608721711211801,4.149260807038,0.004594745436067103,0.7004160046578,0.17438240836939417,1.129318404198,0.01011247355944835,0.9053823947908001,0.011902697167962729,8.5526798,0.9153491552012818,336.6393004,1.3231364720119771,43.8020434,0.5796202936995047,45.4315092,2.055927036805465,417.0735866,3.386993431177755,0.248138904572,0.0,0.0179676193912,0.0,0.000705380363771,0.0,3.87878787879,0.0,3.87869854222,0.0,19.01624406788,4.339015273166531,78.52781643878,2.8336555544372186,44.8417468088,4.208306485421538,9.18027144473554
2048x2048_fp32_normal_e4m3_optimized,optimized,0,4194304,0,4194304.0,0.0,0.0,0.0,0.0,0.0,0.0,0.0,0.0,0.0,1.0,0.0,0.6014783978462,0.0038336880772433936,0.7501823902132,0.0005608721694780488,1.35166079998,0.0037572661520742056,0.128819203377,0.0018317808430760758,1.129670405388,0.035366346953667895,0.8944063901904,0.024553263039087347,5.2176722,0.8726244452507618,337.1792408,1.1960695082189878,43.8626334,0.8364792416717812,40.789669,0.9543505553149746,414.6466706,1.9175236087431298,0.248138904572,0.0,0.0179676193912,0.0,0.000705380363771,0.0,3.87878787879,0.0,3.87869854222,0.0,98.7120097123,1.3773856074553525,257.3780794372,1.0035828695437965,74.38051329283999,10.107466305326803,10.165482602960077
2048x2048_fp32_normal_e5m2_baseline,baseline,1,4194304,0,4194304.0,0.0,0.0,0.0,1.0,0.0,0.0,0.0,0.0,0.0,1.0,0.0,0.6279296040534,0.056192994066590736,4.0751104354839995,0.34254944763656603,4.703040027618,0.3986783379417032,0.5689343929292,0.001996146451061803,1.146099209788,0.017962131641075796,0.9204160094262,0.04185932212103143,9.0956882,0.9565477985760565,391.4895844,2.806186586557509,44.2871096,0.7559827021839178,47.6050472,3.7979503383516873,467.0350686,0.3518744548667954,0.494898319244,0.0,0.035841911552,0.0,0.00279600470037,0.0,3.87878787879,0.0,3.87869854222,0.0,22.34723169726,0.07808767041138043,83.00832932412,5.8013326584665155,48.30252396508,4.680933550237092,9.810620849463206
2048x2048_fp32_normal_e5m2_optimized,optimized,1,4194304,0,4194304.0,0.0,0.0,0.0,1.0,0.0,0.0,0.0,0.0,0.0,1.0,0.0,0.6003391981124,0.002425967673150879,0.7501823902132,0.0005608721694780488,1.3505216121680002,0.00264067431311102,0.128819203377,0.0018317808430760758,1.152153611184,0.02008810874900218,0.9100416064264,0.00866320252145764,5.2557925999999995,0.8918126116013947,390.6260618,0.6023172123613215,44.2756268,0.5945499125979246,42.148266400000004,2.3070288235732566,469.5700942,3.406905186248464,0.494898319244,0.0,0.035841911552,0.0,0.00279600470037,0.0,3.87878787879,0.0,3.87869854222,0.0,98.7120097123,1.3773856074553525,293.9840349444,0.7341625862022669,84.31052021038,11.518822358303954,11.140911223812516
2048x2048_fp32_normal_nvfp4_baseline,baseline,2,4194304,0,4194304.0,0.0,0.0,0.0,2.0,0.0,0.0,0.0,0.0,0.0,1.0,0.0,3.449017620088,0.18951266007441314,2.660908794402,0.0008924565348230713,6.109926319122,0.1890110501052153,0.7583743929864,0.001996158681404026,1.128121590616,0.024741751100011495,0.7878527998924,0.013379912768628483,10.2877454,0.7024741989484736,249.0192468,0.5310488678391031,67.2964456,0.6071407668406069,41.5093728,0.5458188369575578,346.7373932,0.9230975489398239,0.64587688446,0.0,0.0715033438412,0.0,0.00906308887685,0.0,7.1110990548,0.0,7.11079389406,0.0,14.17237645256,0.037189816777707344,46.08423208054,1.3597456485569406,30.85096104796,1.9107789742055323,8.353231326106666
2048x2048_fp32_normal_nvfp4_optimized,optimized,2,4194304,0,4194304.0,0.0,0.0,0.0,2.0,0.0,0.0,0.0,0.0,0.0,1.0,0.0,1.61767678261,0.0029425635471218045,0.6795263886452,0.0005608721694780488,2.297203159332,0.0027408196798873984,0.2897919952868,0.002289737716169454,1.122137594222,0.011905431364613348,0.7821759939196,0.00998274867514915,5.977554,0.7254635854234862,250.01385000000002,1.0994870373917558,67.1124068,0.6688981976292819,42.9146874,5.168888166334689,350.1716372,1.9795052943778035,0.64587688446,0.0,0.0715033438412,0.0,0.00906308887685,0.0,7.1110990548,0.0,7.11079389406,0.0,37.09018665262,0.28998715800448477,122.5847975888,0.35417281038335774,53.591206195,5.547429323873544,8.159715435792736
32x32_fp16_normal_e4m3_baseline,baseline,0,1024,1,1024.0,0.0,1.0,0.0,0.0,0.0,0.0,0.0,0.0,0.0,1.0,0.0,0.0122880004346,0.0,0.01986559927464,0.0005608680887259281,0.03215359970928,0.0005608680887807003,0.006758400052784,0.001996143345385874,0.0057600000873200006,0.0003839999262710582,0.02666239961984,0.000433714850133989,0.1247412,0.0054482663022286295,0.09061140000000001,0.0012188795264504214,0.010662,0.00020937287312352562,0.4105524,0.04609532085580921,0.299716,0.010543110143596154,0.123046875,0.0,0.0177534706891,0.0,0.000684176015092,0.0,1.93939393939,0.0,1.79452054795,0.0,0.484999993873,0.11068559876398526,2.607756712154,0.10907261112733406,0.8128358232458001,0.02895146924184856,0.7300310508475897
32x32_fp16_normal_e4m3_optimized,optimized,0,1024,1,1024.0,0.0,1.0,0.0,0.0,0.0,0.0,0.0,0.0,0.0,1.0,0.0,0.01187840029596,0.0005608680887259291,0.00757760005072,0.0005608678337063061,0.019455999136,0.0,0.004710400011392,0.0019961434528899297,0.005529600009322,0.00031548829992461433,0.02409600019456,0.0007429233520844563,0.1071994,0.006940730098483881,0.0916468,0.0030602895614630977,0.010724000000000001,0.000136687600022826,0.3980182,0.04621403117777111,0.3017276,0.0128198293787398,0.123046875,0.0,0.0177534706891,0.0,0.000684176015092,0.0,1.93939393939,0.0,1.79452054795,0.0,0.7325520775252,0.22593602402489385,4.249779905738,0.21348992372746853,0.9570510684982,0.045241147237117474,0.7580748820028833
32x32_fp16_normal_e5m2_baseline,baseline,1,1024,1,1024.0,0.0,1.0,0.0,1.0,0.0,0.0,0.0,0.0,0.0,1.0,0.0,0.01249280031768,0.0004579464603508891,0.0223296001554,0.0004436359327989574,0.03482240065934,1.431094404195274e-05,0.00659839995205,0.0020847207025610002,0.005420799925922,0.000263490410345306,0.02397439964114,0.0008370312319952815,0.1229064,0.0058224377454808435,0.1039728,0.0017689163914668185,0.011116,0.00024360623965736183,0.4373104,0.12015427908859508,0.3183468,0.015633395878695073,0.244140625,0.0,0.0362966060638,0.0,0.0027978552453,0.0,1.93939393939,0.0,1.79452054795,0.0,0.49996354014620004,0.11845403828427489,2.782194499592,0.09373994448635171,0.9374671754018,0.02900519498398915,0.7279653079368796
32x32_fp16_normal_e5m2_optimized,optimized,1,1024,1,1024.0,0.0,1.0,0.0,1.0,0.0,0.0,0.0,0.0,0.0,1.0,0.0,0.01271040011196,0.0005498040813503754,0.007360000163318,0.00042932519701990607,0.020070399343960002,0.0005608680887259281,0.005324800033124,0.0022199792491214465,0.005516800004988,0.00019279832822409332,0.02432640008628,0.002347631499124292,0.10852,0.007067819642577192,0.1050214,0.0025590992165213143,0.0108676,0.00013671247199871736,0.383046,0.03810250703693919,0.3169746,0.014656366527894983,0.244140625,0.0,0.0362966060638,0.0,0.0027978552453,0.0,1.93939393939,0.0,1.79452054795,0.0,0.6432986129392,0.1834740393194971,4.58069523128,0.2895621374846193,1.070692832564,0.056101930968238525,0.8275105339828637
32x32_fp16_normal_nvfp4_baseline,baseline,2,1024,1,1024.0,0.0,1.0,0.0,2.0,0.0,0.0,0.0,0.0,0.0,1.0,0.0,0.01761280037464,0.00045794687684091014,0.02805760018528,0.0005608680887807003,0.04567040055992,0.0005608680887807003,0.011263999715440001,0.002289733551135067,0.005715200025588,0.0003436090534210562,0.02421759963036,0.0009333362363159008,0.1403338,0.004658873758753295,0.068192,0.0025619140305638676,0.0153358,0.000706725335614905,0.4107706,0.04759408204073276,0.2828656,0.02170777234770994,0.478515625,0.0,0.071614317596,0.0,0.00914450843997,0.0,3.53103448276,0.0,3.04651162791,0.0,0.23953125605079997,0.03825772651896404,1.46755636846,0.04210477820947908,0.595427424527,0.019535082350396814,0.6886218244441058
32x32_fp16_normal_nvfp4_optimized,optimized,2,1024,1,1024.0,0.0,1.0,0.0,2.0,0.0,0.0,0.0,0.0,0.0,1.0,0.0,0.01419520005582,0.0007817435068260769,0.01119999997318,9.050986329486026e-05,0.02539520002904,0.0008567392667001369,0.007372800167656,0.0022199790450769153,0.00540799992159,0.0004091747266105326,0.0238911997527,0.0014091995859745314,0.1151972,0.006111536034418842,0.0670526,0.002478994614758173,0.0161016,0.0023333072665210636,0.395751,0.03636602145547405,0.3136894,0.09012429693096086,0.478515625,0.0,0.071614317596,0.0,0.00914450843997,0.0,3.53103448276,0.0,3.04651162791,0.0,0.3766284392278,0.08437371960062222,2.540338341214,0.12024474215361922,0.7220589234056,0.012612382875793762,0.7926433540281641
32x32_fp32_normal_e4m3_baseline,baseline,0,1024,0,1024.0,0.0,0.0,0.0,0.0,0.0,0.0,0.0,0.0,0.0,1.0,0.0,0.01208320036528,0.0004579468767961896,0.022137600183519998,0.0005356536255219287,0.03422080054878,0.0005447524985876912,0.0075968000106579996,0.002098087543887703,0.00641919998452,0.00024117036922743795,0.02447999976576,0.0016777892118065988,0.1275148,0.0074310681062684444,0.083194,0.0016010449712609597,0.0106568,0.00024223480344492184,0.403345,0.0450009338180887,0.290213,0.01666816120632386,0.123792171478,0.0,0.0177487058079,0.0,0.000683682682175,0.0,3.87878787879,0.0,3.54794520548,0.0,0.4285250490132,0.09106476640789202,2.247258228394,0.09438112747929811,0.7380463574034,0.04581681075654925,0.7195155512030643
32x32_fp32_normal_e4m3_optimized,optimized,0,1024,0,1024.0,0.0,0.0,0.0,0.0,0.0,0.0,0.0,0.0,0.0,1.0,0.0,0.0113792002201,0.0006211628373378622,0.007257600128652,0.0003609056499856534,0.0186368003488,0.0004579460438161468,0.004915199987592,0.0018317868825436393,0.00609919996932,0.0003337832761438069,0.02528639994562,0.0007829871136891237,0.1066242,0.005272491555232686,0.0820364,0.000651773963886253,0.0107162,0.00018611474954984092,0.3849102,0.04037594543413194,0.2935704,0.017503904230199614,0.123792171478,0.0,0.0177487058079,0.0,0.000683682682175,0.0,3.87878787879,0.0,3.54794520548,0.0,0.6820312517218,0.16945202684744212,3.952888892884,0.24413626743104003,0.871254743655,0.034340954984207216,0.7626984164098536
32x32_fp32_normal_e5m2_baseline,baseline,1,1024,0,1024.0,0.0,0.0,0.0,1.0,0.0,0.0,0.0,0.0,0.0,1.0,0.0,0.01085439994932,0.0005608680887807003,0.02170879989864,0.00045794687684091014,0.03256319984796,0.00045794687684091014,0.006367999967186,0.0022070721687119975,0.005753600038588,0.0002613442118589143,0.02554240003228,0.0011366529216710163,0.1225502,0.00446732623612828,0.0957202,0.0021313588857815578,0.0109806,0.0001355629005296068,0.39975120000000003,0.03594649396255497,0.3038006,0.012782661843293814,0.244701623917,0.0,0.0363083839823,0.0,0.0028006965066,0.0,3.87878787879,0.0,3.54794520548,0.0,0.5231850725554,0.13011511528443329,2.747118957074,0.14632123472788433,0.871127384768,0.017148889308795583,0.7599742039548598
32x32_fp32_normal_e5m2_optimized,optimized,1,1024,0,1024.0,0.0,0.0,0.0,1.0,0.0,0.0,0.0,0.0,0.0,1.0,0.0,0.01249279975892,0.002650558170698881,0.00716800009832,0.0,0.01966080032292,0.0026505581706988803,0.004710400011392,0.0019961434528899297,0.00605440000072,0.0007210303255068326,0.02697600014508,0.0023596612278034097,0.1362938,0.038086326748585246,0.0958564,0.0009756425062490865,0.0136846,0.003529052323216532,0.4354254,0.06190836527723857,0.3402806,0.03371746200116492,0.244701623917,0.0,0.0363083839823,0.0,0.0028006965066,0.0,3.87878787879,0.0,3.54794520548,0.0,0.7325520775252,0.22593602402489385,4.514827025952,0.2939706362506345,0.8444682340256,0.1830202850283114,0.7814900095400956
32x32_fp32_normal_nvfp4_baseline,baseline,2,1024,0,1024.0,0.0,0.0,0.0,2.0,0.0,0.0,0.0,0.0,0.0,1.0,0.0,0.01576959975064,0.0005608680887259291,0.02641919963066,0.00045794687684091166,0.04218879938124,0.00045794687684091014,0.011084799841040001,0.0018890304504172424,0.00560000007972,0.00025196826334728244,0.02728320024906,0.0006438285953005939,0.1396236,0.005667413281206872,0.0590932,0.002768830926582553,0.0151716,0.000966536496982913,0.4062256,0.04146282536562118,0.2743696,0.016646348347310273,0.478256940842,0.0,0.0716618026438,0.0,0.00916580674224,0.0,7.06206896552,0.0,6.02325581395,0.0,0.24165100015879998,0.03351783459857138,1.393485468488,0.025427532346470934,0.5318987529486,0.015542051746881266,0.6754118893540928
32x32_fp32_normal_nvfp4_optimized,optimized,2,1024,0,1024.0,0.0,0.0,0.0,2.0,0.0,0.0,0.0,0.0,0.0,1.0,0.0,0.01228800024836,0.000724077259789363,0.009420800209044,0.0004579464603151119,0.02170879989864,0.00045794687684091014,0.007232000119989999,0.0022582116544968994,0.005728000123056,0.00029153389655847147,0.027993599697940002,0.00047754014422991895,0.1162334,0.006307583673642382,0.0602134,0.004172598327181759,0.0149498,0.0009806509062862286,0.3879324,0.039752337784085115,0.276449,0.013013395175741033,0.478256940842,0.0,0.0716618026438,0.0,0.00916580674224,0.0,7.06206896552,0.0,6.02325581395,0.0,0.3846144303258,0.08507746714460519,2.598155626338,0.022819930939441197,0.6463242009828,0.011718332385779186,0.7126215804609256
512x512_fp16_normal_e4m3_baseline,baseline,0,262144,1,262144.0,0.0,1.0,0.0,0.0,0.0,0.0,0.0,0.0,0.0,1.0,0.0,0.12076160013662,0.04530271492959872,0.2469888001682,0.0004579435447865735,0.3677504003048,0.045490926046288946,0.041830399632479996,0.0018044429391159901,0.0473407998681,0.00640857832061544,0.11082240045040001,0.0024258231457784615,0.8194098,0.051701835496430884,23.307954,0.028613052310090214,2.7363138,0.03787520835190211,3.7361373999999996,1.2577865290115011,28.0152026,0.0860403822765802,0.24609375,0.0,0.0179842804871,0.0,0.000708245450134,0.0,1.93939393939,0.0,1.93876826599,0.0,19.02310314452,0.7758726465624208,64.26223691039999,7.4874985296444265,31.88256694586,1.9524835365408288,7.49844012696107
512x512_fp16_normal_e4m3_optimized,optimized,0,262144,1,262144.0,0.0,1.0,0.0,0.0,0.0,0.0,0.0,0.0,0.0,1.0,0.0,0.12110719978808,0.046094038764006466,0.06392319947482,0.0005400326419978679,0.185030400753,0.04602182883370195,0.01308160014448,0.0023884946718536987,0.0477568000555,0.009208736423642342,0.1098432019352,0.002223321067482558,0.5779858,0.07955948261960984,23.2614896,0.0467463073012181,2.7394504,0.050463283506922155,3.1817734,0.5315577889292,28.519174,0.6089162056978766,0.24609375,0.0,0.0179842804871,0.0,0.000708245450134,0.0,1.93939393939,0.0,1.93876826599,0.0,62.10612681984,9.364507497697263,138.1103893232,36.01048240721487,45.65512318972,6.122510056849834,8.96329512340508
512x512_fp16_normal_e5m2_baseline,baseline,1,262144,1,262144.0,0.0,1.0,0.0,1.0,0.0,0.0,0.0,0.0,0.0,1.0,0.0,0.12077439874408,0.04794364920750888,0.27276158928899996,0.0005201375855800044,0.3935360074044,0.048290721819715075,0.041407999396339996,0.0020925166834551623,0.0450624011457,0.003798265860375415,0.112224000692,0.0032963113175139085,0.8294148,0.054904855980140804,26.6513686,0.07763773487679805,2.7705844,0.06334883146357162,3.2076878,0.4881103600101107,32.0828468,0.7501203548642706,0.47265625,0.0,0.0358455109529,0.0,0.00279578402266,0.0,1.93939393939,0.0,1.93876826599,0.0,19.22720677592,0.9179270956845166,68.37209450012,8.053086416764563,35.59583693594,2.328235647520913,10.001860779593326
512x512_fp16_normal_e5m2_optimized,optimized,1,262144,1,262144.0,0.0,1.0,0.0,1.0,0.0,0.0,0.0,0.0,0.0,1.0,0.0,0.13827199935904,0.03697537907459184,0.06389759927988,0.0005608680887807003,0.202169597149,0.037256167891548314,0.0131072003394,0.0018317866742941567,0.0476160004735,0.0070892460442756045,0.10771199911820001,0.004949409122587891,0.6143462000000001,0.06030859541723717,26.6005874,0.07550042493787684,2.7701860000000003,0.04980647454397869,2.729697,0.1957831228694138,31.450612200000002,0.16152703805307647,0.47265625,0.0,0.0358455109529,0.0,0.00279578402266,0.0,1.93939393939,0.0,1.93876826599,0.0,61.433331528020005,7.229952049568907,140.940591426,32.23174467643986,48.18096842216,4.780365009887125,11.521649545718812
512x512_fp16_normal_nvfp4_baseline,baseline,2,262144,1,262144.0,0.0,1.0,0.0,2.0,0.0,0.0,0.0,0.0,0.0,1.0,0.0,0.3024191975592,0.04689202281178745,0.20266239643099998,0.0001226867062150635,0.5050815999506,0.0468165473009611,0.05734400078654,0.0017736206273659414,0.04831999987364,0.004596540551468672,0.1022656008601,0.0021130178513089834,0.9236527999999999,0.03678052257241598,17.4633522,0.032530779896892174,3.9828156,0.047952352828615305,3.1398796,0.6933586083739782,23.509367,0.4974871606468858,0.642578125,0.0,0.0716061263577,0.0,0.00909775914627,0.0,3.55545910755,0.0,3.55318226174,0.0,11.72301924356,0.35018216564042437,38.34552126698,3.278981179942487,23.2488148598,0.9429382137887463,7.4873466485785
512x512_fp16_normal_nvfp4_optimized,optimized,2,262144,1,262144.0,0.0,1.0,0.0,2.0,0.0,0.0,0.0,0.0,0.0,1.0,0.0,0.2321280002596,0.00222716181783567,0.06335999816656,0.0006254338652102413,0.295487999916,0.002587656739201805,0.025190400704760002,0.001996143345402802,0.0557887993753,0.006793411960449165,0.1132223993538,0.008379520839081533,0.7378634000000001,0.030057630533693126,17.491472599999998,0.028707454385578063,3.9906686000000002,0.03473521205923459,2.7870456000000003,0.15314740131422405,23.498446,0.11981417084385343,0.642578125,0.0,0.0716061263577,0.0,0.00909775914627,0.0,3.55545910755,0.0,3.55318226174,0.0,26.79022086626,1.9483283486371106,66.99233480286,0.47878817497253484,29.15165877478,1.1566952508143467,8.431310201741944
512x512_fp16_outliers_e4m3_baseline,baseline,0,262144,1,262144.0,0.0,1.0,0.0,0.0,0.0,0.0,0.0,0.0,0.0,1.0,0.0,0.10323840230718,0.04483573264862766,0.2527295947076,0.00046832917845685766,0.3559679985046,0.044499253121180186,0.04236799925568,0.0021303453502252586,0.04787200018764,0.007353004849238911,0.113382397592,0.0029517635604174564,0.7874334,0.07142431958583856,23.2958912,0.029128784264023693,2.7247052000000003,0.04431518779944407,3.0299066,0.4845239152289595,27.9927104,0.05651072141461272,14.5,0.0,0.0356050466323,0.0,0.0670842641107,0.0,1.93939393939,0.0,1.93876826599,0.0,18.7911969952,0.8929685358697027,65.99688741295999,7.292212839039545,33.2520525661,2.8636060543208304,9.238803070695315
512x512_fp16_outliers_e4m3_optimized,optimized,0,262144,1,262144.0,0.0,1.0,0.0,0.0,0.0,0.0,0.0,0.0,0.0,1.0,0.0,0.12186239808788,0.04684644459020647,0.06430719941856,0.00045794687684091014,0.1861696004868,0.04668072462278569,0.01293439995498,0.0021130178901933466,0.04700800031422,0.002761286614643877,0.108051200211,0.0032850770796538763,0.5986002,0.05381082992483947,23.287882,0.07668440768500549,2.7193490000000002,0.05860020452182747,2.6606678,0.15593941113041315,28.0445718,0.15093226780645613,14.5,0.0,0.0356050466323,0.0,0.0670842641107,0.0,1.93939393939,0.0,1.93876826599,0.0,62.623738626039994,9.152168192526666,137.6223218288,36.154272647114084,43.71060030352,3.690449874492631,10.540425903602095
512x512_fp16_outliers_e5m2_baseline,baseline,1,262144,1,262144.0,0.0,1.0,0.0,1.0,0.0,0.0,0.0,0.0,0.0,1.0,0.0,0.12238720208416,0.050981096905472555,0.2805760025978,0.0010239928960217093,0.4029632031918,0.051921908141742294,0.041369599103939995,0.002123412313426378,0.04913280010224,0.0037505988426537,0.1094272002578,0.003577466194330831,0.848558,0.05441052453340256,26.5798212,0.03789878690274963,2.766407,0.04790558461703599,2.9971506,0.2552381310312001,31.30614,0.11462397225057289,31.25,0.0,0.0709441002293,0.0,0.276436901728,0.0,1.93939393939,0.0,1.93876826599,0.0,19.246247530039998,0.9336890425300397,66.76806936158,7.956198007672343,34.69855394522,2.243764243093062,10.445300946839309
512x512_fp16_outliers_e5m2_optimized,optimized,1,262144,1,262144.0,0.0,1.0,0.0,1.0,0.0,0.0,0.0,0.0,0.0,1.0,0.0,0.13896319717158,0.03814170130272059,0.06369279921054,0.00045794687684091014,0.2026560008526,0.03824234499680135,0.013312000408740001,0.002289733551135067,0.05350399911402,0.009379138706727193,0.1151679992676,0.006822082104396686,0.6448114,0.08621006755478156,26.5608952,0.04333469820132595,2.7736718000000002,0.06064777006370471,2.6738254,0.20306250015894117,31.395759599999998,0.04860315434516568,31.25,0.0,0.0709441002293,0.0,0.276436901728,0.0,1.93939393939,0.0,1.93876826599,0.0,60.86274310812,8.5058265436395,140.5120183676,32.698437985856074,46.22914234996,6.90952972127473,11.741888456890266
512x512_fp16_outliers_nvfp4_baseline,baseline,2,262144,1,262144.0,0.0,1.0,0.0,2.0,0.0,0.0,0.0,0.0,0.0,1.0,0.0,0.3205183982848,0.039213445455230714,0.2033663988112,0.0005608721694780792,0.523884797096,0.03954475524280118,0.058368000388120005,0.0022897327181550207,0.0635583989322,0.004962238909363101,0.1031680002808,0.0012687489995945069,1.0269566,0.03234712378713137,16.9551024,0.03615056979219033,3.8461203999999998,0.04554732557241963,3.1085494,0.2764703757426825,22.6740068,0.15220498652869416,12.25,0.0,0.17863161224,0.0,0.193844852296,0.0,3.55545910755,0.0,3.55318226174,0.0,11.5223167675,0.4294112310814535,35.8585050819,2.599673213276275,20.27159722312,0.6538684260469863,7.294079611538424
512x512_fp16_outliers_nvfp4_optimized,optimized,2,262144,1,262144.0,0.0,1.0,0.0,2.0,0.0,0.0,0.0,0.0,0.0,1.0,0.0,0.195724800229,0.047041695427216305,0.0645119994879,0.0,0.2602368086576,0.04704170358648583,0.02560000084342,0.0022897335510903448,0.04603520035744,0.007594274901945714,0.10074240118246,0.0019185876074549126,0.6348952,0.08342123373997777,16.937873,0.07519113529532645,3.8411392,0.04192974950676434,2.4863794,0.16566363111528132,22.5483006,0.13661907682055205,12.25,0.0,0.17863161224,0.0,0.193844852296,0.0,3.55545910755,0.0,3.55318226174,0.0,26.39096085948,2.107570693074086,74.4516116163,13.083351908442463,33.1836484318,4.34551560032123,9.06872885127668
512x512_fp16_uniform_e4m3_baseline,baseline,0,262144,1,262144.0,0.0,1.0,0.0,0.0,0.0,0.0,0.0,0.0,0.0,1.0,0.0,0.13152000010004,0.040266161340473665,0.2426431983708,0.0008056107236842636,0.3741632044316,0.04092665661408732,0.04198399931196,0.002289734384115111,0.05411199927332,0.007644819380436037,0.1081983998414,0.0033552271882543393,0.8490602,0.057978400587632616,23.3456378,0.07465464079144753,2.7509922,0.06044227617901227,3.0527618,0.13918727398436964,28.3744404,0.4470505372637418,0.03125,0.0,0.0104296615714,0.0,0.000186446452787,0.0,1.93939393939,0.0,1.93876826599,0.0,18.96888922868,0.9639940864008023,63.2229930511,6.90663699927042,30.85165585638,2.1212891367531417,9.29467880527069
512x512_fp16_uniform_e4m3_optimized,optimized,0,262144,1,262144.0,0.0,1.0,0.0,0.0,0.0,0.0,0.0,0.0,0.0,1.0,0.0,0.13350399881584,0.0381392410315123,0.06083199977874,0.0005551780023396962,0.1943360000852,0.03833172051245653,0.01330560017376,0.0017782902443952825,0.05075199976566,0.006231379181376055,0.1110272005202,0.0018825150745396713,0.6255264,0.07996864966222701,23.3012396,0.034045935297771834,2.7509746,0.06148453808316354,2.7730418,0.2767795723995901,28.543791,0.7348831524967069,0.03125,0.0,0.0104296615714,0.0,0.000186446452787,0.0,1.93939393939,0.0,1.93876826599,0.0,60.472229074880005,7.038595768080835,130.3117435868,32.370895381492296,42.28905854288,6.286517565777084,10.293314366916503
512x512_fp16_uniform_e5m2_baseline,baseline,1,262144,1,262144.0,0.0,1.0,0.0,1.0,0.0,0.0,0.0,0.0,0.0,1.0,0.0,0.13215999975783999,0.040381178656303314,0.2647679924964,0.0009514326377360201,0.3969279944898,0.040104504662432684,0.0416191995144,0.00195221018112307,0.05426559969784,0.009654337502531972,0.11267200112339999,0.004373827626878984,0.8753128,0.08397731469688706,26.6885488,0.08838000579712568,2.774129,0.05362425359387291,2.9059034,0.17525209285569165,31.394466,0.07590470701148912,0.0625,0.0,0.0208452288189,0.0,0.000744623303501,0.0,1.93939393939,0.0,1.93876826599,0.0,19.12456379848,0.8485922041551602,67.7122133461,7.106657653643528,33.916594692160004,3.355670133549748,10.803685353064386
512x512_fp16_uniform_e5m2_optimized,optimized,1,262144,1,262144.0,0.0,1.0,0.0,1.0,0.0,0.0,0.0,0.0,0.0,1.0,0.0,0.1718080013992,0.03800082468502982,0.06082560047506,0.0005608660483498574,0.23263359963900002,0.03834188908027403,0.01310720033942,0.0024447665003799164,0.05677440017462,0.002639893224914509,0.10840960144959999,0.005219993053714889,0.691435,0.06150355139339515,27.4901086,1.8842835540428355,2.7630318,0.04301297868318364,2.932644,0.4915267487334743,31.3993794,0.12387468482220271,0.0625,0.0,0.0208452288189,0.0,0.000744623303501,0.0,1.93939393939,0.0,1.93876826599,0.0,62.03850103114,9.510118037718208,124.298137201,9.634249961104034,43.8303373374,1.0899556217995623,10.706849996112723
512x512_fp16_uniform_nvfp4_baseline,baseline,2,262144,1,262144.0,0.0,1.0,0.0,2.0,0.0,0.0,0.0,0.0,0.0,1.0,0.0,0.2768000036478,0.04724078156246938,0.19882239401319998,0.0003720845450013069,0.4756223976612,0.04746825368973535,0.05754880011082,0.0022199782181079705,0.05100800022482,0.009549173827843652,0.10188799947504,0.00402468979479865,0.9094166,0.07558777105987446,17.3317196,0.03599524262038007,3.4729286,0.07139452448402475,2.8716056,0.29428839847299454,23.020377,0.6748758863054017,0.16650390625,0.0,0.0443191074905,0.0,0.00345024738825,0.0,3.55545910755,0.0,3.55318226174,0.0,11.68595699844,0.4306834662559548,39.25247669354,3.3355120876327526,22.99694365964,1.8067665941219777,8.016552481998223
512x512_fp16_uniform_nvfp4_optimized,optimized,2,262144,1,262144.0,0.0,1.0,0.0,2.0,0.0,0.0,0.0,0.0,0.0,1.0,0.0,0.2392127990724,0.03901476568848678,0.0601536013186,0.0004436360671263194,0.2993664026262,0.03916454962763012,0.02498560063542,0.002123411505023453,0.058400000631799995,0.006127352940372397,0.1025407999752,0.0017539679331148661,0.7597036,0.040783640338988895,17.5447868,0.341277631571717,3.496336,0.057217105934326946,2.8580328,0.4817279889161518,23.055576600000002,0.6643965148680423,0.16650390625,0.0,0.0443191074905,0.0,0.00345024738825,0.0,3.55545910755,0.0,3.55318226174,0.0,27.02790350778,2.097919373534046,65.52752780216,7.0244432059436495,27.7612003676,1.560936301135027,8.066939119802964
512x512_fp32_normal_e4m3_baseline,baseline,0,262144,0,262144.0,0.0,0.0,0.0,0.0,0.0,0.0,0.0,0.0,0.0,1.0,0.0,0.08715520054102,0.04026922311035292,0.204793599248,0.0006457342063257937,0.291948801279,0.040417904749340254,0.03639040067796,0.0018568821662890847,0.0819903999567,0.00639709454598622,0.10855039954159999,0.0019990923512940373,0.6852774,0.07974410535456525,20.9947978,0.048818036525448805,2.7643466,0.030175417500011518,3.0403152,0.24198154006390651,26.0032258,0.20604236133426584,0.246229171753,0.0,0.0179840370042,0.0,0.000708150117402,0.0,3.87878787879,0.0,3.87735904869,0.0,21.87919426324,1.056425753105846,73.32067006748,9.508012642407959,35.01699083716,3.735764902876162,8.552805906440225
512x512_fp32_normal_e4m3_optimized,optimized,0,262144,0,262144.0,0.0,0.0,0.0,0.0,0.0,0.0,0.0,0.0,0.0,1.0,0.0,0.07152000069614,0.04338551595563849,0.04601600021126,0.00014310944028535574,0.11753599941736,0.04344330152238909,0.01107199992982,0.0018248420632828656,0.0876351997256,0.012471372656465692,0.1051903977986,0.003356752810022111,0.4767102,0.0802475519452151,20.9517162,0.033263120061112775,2.7451656,0.06039337806663903,2.9563748,0.31599660707466476,26.0138182,0.5380167696723783,0.246229171753,0.0,0.0179840370042,0.0,0.000708150117402,0.0,3.87878787879,0.0,3.87735904869,0.0,73.06931745206,9.863685550215912,200.0456584872,59.45974554815788,50.8365532161,8.431905455781344,8.799228771669952
512x512_fp32_normal_e5m2_baseline,baseline,1,262144,0,262144.0,0.0,0.0,0.0,1.0,0.0,0.0,0.0,0.0,0.0,1.0,0.0,0.0945791997015,0.04635747856613352,0.2479359984398,0.01932456611311787,0.3425152003766,0.05524233021641719,0.0392703987658,0.0022288177876074347,0.08839679956438,0.005816153624353138,0.1080575987696,0.0024950171647413395,0.7646434,0.053586990154327586,24.3881892,0.10221703749717957,2.7584312,0.05770660066838108,3.3008302,0.517696839239144,29.5252332,0.2998406431068014,0.47176027298,0.0,0.0358456552394,0.0,0.00279578916797,0.0,3.87878787879,0.0,3.87735904869,0.0,20.28988539576,1.2166448225742559,72.40012972506,11.196768623470374,35.63748713636,2.4129426586191087,8.94479007129782
512x512_fp32_normal_e5m2_optimized,optimized,1,262144,0,262144.0,0.0,0.0,0.0,1.0,0.0,0.0,0.0,0.0,0.0,1.0,0.0,0.08839040026084,0.042512926547104195,0.04546560049058,0.0005608680887807003,0.13385600298646,0.042892535807097155,0.01147519983352,0.002215592644333854,0.08280960023404,0.0022965876417941357,0.1024704009292,0.001563650767214423,0.496518,0.04520777862824053,24.319344,0.03742192888534721,2.7725202,0.06580911106906087,2.8918852,0.12442685971766702,29.3590774,0.23489741783021026,0.47176027298,0.0,0.0358456552394,0.0,0.00279578916797,0.0,3.87878787879,0.0,3.87735904869,0.0,70.96740962402001,11.168629739966299,200.8939028222,63.883319536175186,54.93428795386,5.104261571065456,10.152227827024392
512x512_fp32_normal_nvfp4_baseline,baseline,2,262144,0,262144.0,0.0,0.0,0.0,2.0,0.0,0.0,0.0,0.0,0.0,1.0,0.0,0.2520511984826,0.049271037750049,0.190035200119,0.0005447554308814873,0.4420863986014,0.049153953228119364,0.05734400078654,0.0017736206273659414,0.0886016011238,0.0140737160237544,0.09733120054002,0.003043247014664543,0.8340682,0.07430438759386956,15.5297954,0.017152733158304446,4.0899882000000005,0.06316116726834621,2.9390654,0.2926792632914057,22.0697926,1.0678606469960397,0.641621828079,0.0,0.0715975815907,0.0,0.0090960701548,0.0,7.11091821511,0.0,7.1060392497,0.0,11.72301924356,0.35018216564042437,39.57761886092,3.763870501258642,23.66940276476,2.060582235475773,7.509119259476158
512x512_fp32_normal_nvfp4_optimized,optimized,2,262144,0,262144.0,0.0,0.0,0.0,2.0,0.0,0.0,0.0,0.0,0.0,1.0,0.0,0.1811072036626,0.03751524100694861,0.05099519863726,0.00045794687684091014,0.2321024000644,0.037441011920087454,0.0250880006701,0.002039984186166168,0.08253439962864,0.00741638782809448,0.0959423989058,0.0053044978348285735,0.5780212,0.09282695109288033,15.542872599999999,0.01750433735678112,4.0901176,0.04965046531302582,2.5611052,0.2579505380798807,21.5707184,0.05581965358455836,0.641621828079,0.0,0.0715975815907,0.0,0.0090960701548,0.0,7.11091821511,0.0,7.1060392497,0.0,26.90522859482,1.9928097110376624,78.02750888663999,14.300104392086846,34.6972496478,5.778591965773045,8.422425755880703
512x512_fp32_outliers_e4m3_baseline,baseline,0,262144,0,262144.0,0.0,0.0,0.0,0.0,0.0,0.0,0.0,0.0,0.0,1.0,0.0,0.06198400035508,0.04080452952253423,0.234495997429,0.0,0.2964799940586,0.040804531582279445,0.041779199242619997,0.001831787507274201,0.08653440028436,0.01615728167107482,0.1079103991388,0.003914701783074843,0.6806414,0.09566943528787025,20.9321712,0.08867933072142516,2.7211028,0.08846607835605694,3.0157876,0.19534951302805953,25.7640638,0.09160371877385826,14.5550842285,0.0,0.0356049118666,0.0,0.0670513704466,0.0,3.87878787879,0.0,3.87735904869,0.0,19.047273091799998,0.7887224401254423,70.63167920416001,7.394240014413982,35.25889641338,4.524786199373698,8.543063112269577
512x512_fp32_outliers_e4m3_optimized,optimized,0,262144,0,262144.0,0.0,0.0,0.0,0.0,0.0,0.0,0.0,0.0,0.0,1.0,0.0,0.09846399947996,0.047888874031717876,0.0511999987066,0.0,0.14966400116686002,0.047888875006954344,0.0131072003394,0.0018317866742941567,0.08693760037421999,0.00294594770598943,0.105100800097,0.0011240158810135734,0.5257748,0.056472212801518595,20.9315544,0.036972569768681254,2.7185952,0.05302516457023013,2.8340468,0.17669024332203517,25.7767504,0.08059400873079853,14.5550842285,0.0,0.0356049118666,0.0,0.0670513704466,0.0,3.87878787879,0.0,3.87735904869,0.0,61.433331528020005,7.229952049568907,156.9103970522,50.583303914458746,45.41698571776,5.0906702969253494,9.095386286493223
512x512_fp32_outliers_e5m2_baseline,baseline,1,262144,0,262144.0,0.0,0.0,0.0,1.0,0.0,0.0,0.0,0.0,0.0,1.0,0.0,0.09915520250802,0.04844255084284288,0.2686783909798,0.0008729709175401084,0.3678336024284,0.04877978994738313,0.04143359959126,0.0020736398772416777,0.08440959900616,0.007741961464439239,0.108211199939,0.0027094011093028924,0.7717878,0.05642956926736192,24.4288518,0.20729840545141606,2.7716318,0.061125017944373555,3.1027726,0.13582089973490824,29.4121436,0.25098936655623433,31.2171020508,0.0,0.0709420176609,0.0,0.276416533873,0.0,3.87878787879,0.0,3.87735904869,0.0,19.2146138455,0.9084491759157034,67.21437763506,8.064358103386136,35.40197964338,2.716404196817406,9.47931008543778
512x512_fp32_outliers_e5m2_optimized,optimized,1,262144,0,262144.0,0.0,0.0,0.0,1.0,0.0,0.0,0.0,0.0,0.0,1.0,0.0,0.09931520149098,0.04786461986253558,0.05220479890702,0.0006906368018918483,0.15151999890802,0.0483078917085438,0.01312640029934,0.0018215279572497934,0.0874240010977,0.010429668979169932,0.1062143996358,0.0032824092599081874,0.5339838,0.052130425316699654,24.3853182,0.1865850892962774,2.774194,0.06778749614420065,2.8992526,0.24956136510545865,29.8820236,1.0950988781225655,31.2171020508,0.0,0.0709420176609,0.0,0.276416533873,0.0,3.87878787879,0.0,3.87735904869,0.0,61.33307334474,7.177189210379744,178.2751244052,58.15778058796719,51.28500471546,5.457138028229813,10.306802380723914
512x512_fp32_outliers_nvfp4_baseline,baseline,2,262144,0,262144.0,0.0,0.0,0.0,2.0,0.0,0.0,0.0,0.0,0.0,1.0,0.0,0.251180803776,0.046570310883443676,0.190464004874,0.0,0.441644793749,0.046570310883443676,0.05838720053432,0.002279378598107492,0.07886079996824,0.0051850685657658,0.1048128008842,0.0033554721284178688,0.81566,0.06749577460848939,14.9453488,0.01958433056553137,3.9650884,0.06297084632431113,2.9048058,0.31064004238780923,21.0426112,0.4653686388173362,12.2419586182,0.0,0.178644537736,0.0,0.193907160604,0.0,7.11091821511,0.0,7.1060392497,0.0,11.51840107584,0.42730639979434604,38.06720012626,3.4100233611588093,23.31128123958,1.923120039325578,7.244068157671676
512x512_fp32_outliers_nvfp4_optimized,optimized,2,262144,0,262144.0,0.0,0.0,0.0,2.0,0.0,0.0,0.0,0.0,0.0,1.0,0.0,0.143968001008,0.04789815408083592,0.05181439891456,0.0005608680887259301,0.1957823991774,0.04826772306188981,0.026009600237019998,0.0021234116846349346,0.08655360043052,0.011390457947077293,0.09868799895038,0.002888698286342286,0.5590774000000001,0.1064025719839516,14.9587526,0.05071914396261027,3.9709326000000003,0.053919662000980535,3.055955,0.5238020646217424,21.1410222,0.5344092965674356,12.2419586182,0.0,0.178644537736,0.0,0.193907160604,0.0,7.11091821511,0.0,7.1060392497,0.0,25.95362557388,1.9416390057855284,88.51851601252,17.814533254605323,34.74440513612,5.845056346295493,6.917975624641069
512x512_fp32_uniform_e4m3_baseline,baseline,0,262144,0,262144.0,0.0,0.0,0.0,0.0,0.0,0.0,0.0,0.0,0.0,1.0,0.0,0.1000255994499,0.050253442924122524,0.2340864032508,0.0009158929205174021,0.334112006426,0.05039795563543545,0.04198399931196,0.002289734384115111,0.07973760068416,0.0043577248867855125,0.1059840008616,0.0018305844789529798,0.7218264,0.06278218385258671,20.9763616,0.06947325052349339,2.7334184,0.05982216543890742,3.5457142,0.7379392532920309,25.9009832,0.0470085838033862,0.0312497615814,0.0,0.0104291832447,0.0,0.000186407105541,0.0,3.87878787879,0.0,3.87735904869,0.0,18.96888922868,0.9639940864008023,63.95306969294,8.74303527972921,33.06011353808,3.0688581147520337,7.304870539199126
512x512_fp32_uniform_e4m3_optimized,optimized,0,262144,0,262144.0,0.0,0.0,0.0,0.0,0.0,0.0,0.0,0.0,0.0,1.0,0.0,0.0982783980667,0.04554320303590674,0.05262719914314,0.0005522203708112383,0.15090560019003998,0.04591401516503614,0.0131072003394,0.0018317866742941567,0.0890111997723,0.013945292162753352,0.1035583987834,0.00226527440934745,0.5282358,0.04891787789959823,21.058558,0.21388188543329295,2.7424619999999997,0.05476718314374033,3.1907272,0.46340410721550584,25.9592032,0.12232105868860063,0.0312497615814,0.0,0.0104291832447,0.0,0.000186407105541,0.0,3.87878787879,0.0,3.87735904869,0.0,61.433331528020005,7.229952049568907,155.3741915408,47.047907871746865,45.331754061779996,3.7057995851328545,8.135826591505536
512x512_fp32_uniform_e5m2_baseline,baseline,1,262144,0,262144.0,0.0,0.0,0.0,1.0,0.0,0.0,0.0,0.0,0.0,1.0,0.0,0.08113920018082,0.04725256405431069,0.256435203552,0.0005400204568771093,0.3375743985174,0.04732969880861713,0.04132479950786,0.0015708711767003162,0.087136001885,0.013189300055211154,0.10636799931516,0.0049228007693728065,0.7293204,0.07115077871183138,24.3770214,0.052651363674646755,2.7705238,0.04747408068830818,3.0582764,0.14825937017369267,29.3100088,0.150576203836131,0.0624996423721,0.0,0.0208455079712,0.0,0.000744628745429,0.0,3.87878787879,0.0,3.87735904869,0.0,19.25012517214,0.7032854199161465,72.49659143704,8.638415475522281,37.50229737814,3.5968839833400468,9.583832514288114
512x512_fp32_uniform_e5m2_optimized,optimized,1,262144,0,262144.0,0.0,0.0,0.0,1.0,0.0,0.0,0.0,0.0,0.0,1.0,0.0,0.10033920034776,0.04908846221180682,0.05242879912254,0.00045794687684091014,0.15276799798016,0.04924761050000402,0.0131072003394,0.0018317866742941567,0.09064320027824,0.012367877737957847,0.10581119954559999,0.004959926303703099,0.5337948,0.05376035647854282,24.351988,0.050771053401520105,2.76468,0.06812047551947958,3.4851658,0.6596097602197831,30.3747528,0.9709008785041866,0.0624996423721,0.0,0.0208455079712,0.0,0.000744628745429,0.0,3.87878787879,0.0,3.87735904869,0.0,61.433331528020005,7.229952049568907,176.854555395,57.68910819858852,51.2345728137,5.437625312939729,8.715439822116927
512x512_fp32_uniform_nvfp4_baseline,baseline,2,262144,0,262144.0,0.0,0.0,0.0,2.0,0.0,0.0,0.0,0.0,0.0,1.0,0.0,0.2618112027646,0.04605425935922926,0.1849343985316,0.0005608640078642556,0.446745598316,0.04661478333837038,0.05591040030122,0.0019961441575954727,0.08430719971658,0.008110364263150541,0.09892479926348,0.004418121055016014,0.8520864,0.047041023668708555,15.3408118,0.0346002026395797,3.9465922,0.04296063871964671,2.9945614000000003,0.282486385125549,21.2311878,0.0910043733822722,0.166815936565,0.0,0.0443113720592,0.0,0.00344930974229,0.0,7.11091821511,0.0,7.1060392497,0.0,12.02650110858,0.41242673119885986,38.63173912018,3.62061018396734,22.69053966894,1.2492055371976372,7.089915671790867
512x512_fp32_uniform_nvfp4_optimized,optimized,2,262144,0,262144.0,0.0,0.0,0.0,2.0,0.0,0.0,0.0,0.0,0.0,1.0,0.0,0.1613759994506,0.042485992793942114,0.049728000163999996,0.0005316223693861272,0.2111039996146,0.04301152820144748,0.0243712004274,0.0018317866742941558,0.08693119883536,0.014510536879843359,0.1007360011338,0.002808262870234215,0.5809292,0.07213242281179803,15.361677199999999,0.03374360032954381,3.9467468,0.056927145754024744,2.6916558,0.19452314832353493,21.3752016,0.16048184851814176,0.166815936565,0.0,0.0443113720592,0.0,0.00344930974229,0.0,7.11091821511,0.0,7.1060392497,0.0,27.67681485386,1.8896864700529423,84.3124122073,16.235739300741,33.68973699526,4.583117591428485,7.941283428586969
